[{"tag":{"S":"h38_JW0yrBdOHE3rVwdjC/_N_T_/layout"},"path":{"S":"h38_JW0yrBdOHE3rVwdjC/_not-found"},"revalidatedAt":{"N":"1716259427844"}},{"tag":{"S":"h38_JW0yrBdOHE3rVwdjC/_N_T_/_not-found/layout"},"path":{"S":"h38_JW0yrBdOHE3rVwdjC/_not-found"},"revalidatedAt":{"N":"1716259427844"}},{"tag":{"S":"h38_JW0yrBdOHE3rVwdjC/_N_T_/_not-found/page"},"path":{"S":"h38_JW0yrBdOHE3rVwdjC/_not-found"},"revalidatedAt":{"N":"1716259427844"}},{"tag":{"S":"h38_JW0yrBdOHE3rVwdjC/_N_T_/_not-found"},"path":{"S":"h38_JW0yrBdOHE3rVwdjC/_not-found"},"revalidatedAt":{"N":"1716259427844"}},{"tag":{"S":"h38_JW0yrBdOHE3rVwdjC/_N_T_/layout"},"path":{"S":"h38_JW0yrBdOHE3rVwdjC/favicon.ico"},"revalidatedAt":{"N":"1716259427844"}},{"tag":{"S":"h38_JW0yrBdOHE3rVwdjC/_N_T_/favicon.ico/layout"},"path":{"S":"h38_JW0yrBdOHE3rVwdjC/favicon.ico"},"revalidatedAt":{"N":"1716259427844"}},{"tag":{"S":"h38_JW0yrBdOHE3rVwdjC/_N_T_/favicon.ico/route"},"path":{"S":"h38_JW0yrBdOHE3rVwdjC/favicon.ico"},"revalidatedAt":{"N":"1716259427844"}},{"tag":{"S":"h38_JW0yrBdOHE3rVwdjC/_N_T_/favicon.ico"},"path":{"S":"h38_JW0yrBdOHE3rVwdjC/favicon.ico"},"revalidatedAt":{"N":"1716259427844"}},{"tag":{"S":"h38_JW0yrBdOHE3rVwdjC/_N_T_/layout"},"path":{"S":"h38_JW0yrBdOHE3rVwdjC/index"},"revalidatedAt":{"N":"1716259427844"}},{"tag":{"S":"h38_JW0yrBdOHE3rVwdjC/_N_T_/page"},"path":{"S":"h38_JW0yrBdOHE3rVwdjC/index"},"revalidatedAt":{"N":"1716259427844"}},{"tag":{"S":"h38_JW0yrBdOHE3rVwdjC/_N_T_/"},"path":{"S":"h38_JW0yrBdOHE3rVwdjC/index"},"revalidatedAt":{"N":"1716259427844"}}]