[{"tag":{"S":"RYHWw7cw3-Qh3WIRzPz1J/_N_T_/layout"},"path":{"S":"RYHWw7cw3-Qh3WIRzPz1J/_not-found"},"revalidatedAt":{"N":"1716258741100"}},{"tag":{"S":"RYHWw7cw3-Qh3WIRzPz1J/_N_T_/_not-found/layout"},"path":{"S":"RYHWw7cw3-Qh3WIRzPz1J/_not-found"},"revalidatedAt":{"N":"1716258741100"}},{"tag":{"S":"RYHWw7cw3-Qh3WIRzPz1J/_N_T_/_not-found/page"},"path":{"S":"RYHWw7cw3-Qh3WIRzPz1J/_not-found"},"revalidatedAt":{"N":"1716258741100"}},{"tag":{"S":"RYHWw7cw3-Qh3WIRzPz1J/_N_T_/_not-found"},"path":{"S":"RYHWw7cw3-Qh3WIRzPz1J/_not-found"},"revalidatedAt":{"N":"1716258741100"}},{"tag":{"S":"RYHWw7cw3-Qh3WIRzPz1J/_N_T_/layout"},"path":{"S":"RYHWw7cw3-Qh3WIRzPz1J/favicon.ico"},"revalidatedAt":{"N":"1716258741100"}},{"tag":{"S":"RYHWw7cw3-Qh3WIRzPz1J/_N_T_/favicon.ico/layout"},"path":{"S":"RYHWw7cw3-Qh3WIRzPz1J/favicon.ico"},"revalidatedAt":{"N":"1716258741100"}},{"tag":{"S":"RYHWw7cw3-Qh3WIRzPz1J/_N_T_/favicon.ico/route"},"path":{"S":"RYHWw7cw3-Qh3WIRzPz1J/favicon.ico"},"revalidatedAt":{"N":"1716258741100"}},{"tag":{"S":"RYHWw7cw3-Qh3WIRzPz1J/_N_T_/favicon.ico"},"path":{"S":"RYHWw7cw3-Qh3WIRzPz1J/favicon.ico"},"revalidatedAt":{"N":"1716258741100"}},{"tag":{"S":"RYHWw7cw3-Qh3WIRzPz1J/_N_T_/layout"},"path":{"S":"RYHWw7cw3-Qh3WIRzPz1J/index"},"revalidatedAt":{"N":"1716258741100"}},{"tag":{"S":"RYHWw7cw3-Qh3WIRzPz1J/_N_T_/page"},"path":{"S":"RYHWw7cw3-Qh3WIRzPz1J/index"},"revalidatedAt":{"N":"1716258741100"}},{"tag":{"S":"RYHWw7cw3-Qh3WIRzPz1J/_N_T_/"},"path":{"S":"RYHWw7cw3-Qh3WIRzPz1J/index"},"revalidatedAt":{"N":"1716258741100"}}]