[{"tag":{"S":"36K3fScodu14EJQwvjXYa/_N_T_/layout"},"path":{"S":"36K3fScodu14EJQwvjXYa/_not-found"},"revalidatedAt":{"N":"1716262956724"}},{"tag":{"S":"36K3fScodu14EJQwvjXYa/_N_T_/_not-found/layout"},"path":{"S":"36K3fScodu14EJQwvjXYa/_not-found"},"revalidatedAt":{"N":"1716262956724"}},{"tag":{"S":"36K3fScodu14EJQwvjXYa/_N_T_/_not-found/page"},"path":{"S":"36K3fScodu14EJQwvjXYa/_not-found"},"revalidatedAt":{"N":"1716262956724"}},{"tag":{"S":"36K3fScodu14EJQwvjXYa/_N_T_/_not-found"},"path":{"S":"36K3fScodu14EJQwvjXYa/_not-found"},"revalidatedAt":{"N":"1716262956724"}},{"tag":{"S":"36K3fScodu14EJQwvjXYa/_N_T_/layout"},"path":{"S":"36K3fScodu14EJQwvjXYa/favicon.ico"},"revalidatedAt":{"N":"1716262956724"}},{"tag":{"S":"36K3fScodu14EJQwvjXYa/_N_T_/favicon.ico/layout"},"path":{"S":"36K3fScodu14EJQwvjXYa/favicon.ico"},"revalidatedAt":{"N":"1716262956724"}},{"tag":{"S":"36K3fScodu14EJQwvjXYa/_N_T_/favicon.ico/route"},"path":{"S":"36K3fScodu14EJQwvjXYa/favicon.ico"},"revalidatedAt":{"N":"1716262956724"}},{"tag":{"S":"36K3fScodu14EJQwvjXYa/_N_T_/favicon.ico"},"path":{"S":"36K3fScodu14EJQwvjXYa/favicon.ico"},"revalidatedAt":{"N":"1716262956724"}},{"tag":{"S":"36K3fScodu14EJQwvjXYa/_N_T_/layout"},"path":{"S":"36K3fScodu14EJQwvjXYa/index"},"revalidatedAt":{"N":"1716262956724"}},{"tag":{"S":"36K3fScodu14EJQwvjXYa/_N_T_/page"},"path":{"S":"36K3fScodu14EJQwvjXYa/index"},"revalidatedAt":{"N":"1716262956724"}},{"tag":{"S":"36K3fScodu14EJQwvjXYa/_N_T_/"},"path":{"S":"36K3fScodu14EJQwvjXYa/index"},"revalidatedAt":{"N":"1716262956724"}}]