[{"tag":{"S":"XU0mMF2pEAr2tiO5lw0B6/_N_T_/layout"},"path":{"S":"XU0mMF2pEAr2tiO5lw0B6/_not-found"},"revalidatedAt":{"N":"1716263243107"}},{"tag":{"S":"XU0mMF2pEAr2tiO5lw0B6/_N_T_/_not-found/layout"},"path":{"S":"XU0mMF2pEAr2tiO5lw0B6/_not-found"},"revalidatedAt":{"N":"1716263243107"}},{"tag":{"S":"XU0mMF2pEAr2tiO5lw0B6/_N_T_/_not-found/page"},"path":{"S":"XU0mMF2pEAr2tiO5lw0B6/_not-found"},"revalidatedAt":{"N":"1716263243107"}},{"tag":{"S":"XU0mMF2pEAr2tiO5lw0B6/_N_T_/_not-found"},"path":{"S":"XU0mMF2pEAr2tiO5lw0B6/_not-found"},"revalidatedAt":{"N":"1716263243107"}},{"tag":{"S":"XU0mMF2pEAr2tiO5lw0B6/_N_T_/layout"},"path":{"S":"XU0mMF2pEAr2tiO5lw0B6/favicon.ico"},"revalidatedAt":{"N":"1716263243107"}},{"tag":{"S":"XU0mMF2pEAr2tiO5lw0B6/_N_T_/favicon.ico/layout"},"path":{"S":"XU0mMF2pEAr2tiO5lw0B6/favicon.ico"},"revalidatedAt":{"N":"1716263243107"}},{"tag":{"S":"XU0mMF2pEAr2tiO5lw0B6/_N_T_/favicon.ico/route"},"path":{"S":"XU0mMF2pEAr2tiO5lw0B6/favicon.ico"},"revalidatedAt":{"N":"1716263243107"}},{"tag":{"S":"XU0mMF2pEAr2tiO5lw0B6/_N_T_/favicon.ico"},"path":{"S":"XU0mMF2pEAr2tiO5lw0B6/favicon.ico"},"revalidatedAt":{"N":"1716263243107"}},{"tag":{"S":"XU0mMF2pEAr2tiO5lw0B6/_N_T_/layout"},"path":{"S":"XU0mMF2pEAr2tiO5lw0B6/index"},"revalidatedAt":{"N":"1716263243107"}},{"tag":{"S":"XU0mMF2pEAr2tiO5lw0B6/_N_T_/page"},"path":{"S":"XU0mMF2pEAr2tiO5lw0B6/index"},"revalidatedAt":{"N":"1716263243107"}},{"tag":{"S":"XU0mMF2pEAr2tiO5lw0B6/_N_T_/"},"path":{"S":"XU0mMF2pEAr2tiO5lw0B6/index"},"revalidatedAt":{"N":"1716263243107"}}]