[{"tag":{"S":"Pvxde24qunhjVco_jlEiV/_N_T_/layout"},"path":{"S":"Pvxde24qunhjVco_jlEiV/_not-found"},"revalidatedAt":{"N":"1716261986142"}},{"tag":{"S":"Pvxde24qunhjVco_jlEiV/_N_T_/_not-found/layout"},"path":{"S":"Pvxde24qunhjVco_jlEiV/_not-found"},"revalidatedAt":{"N":"1716261986142"}},{"tag":{"S":"Pvxde24qunhjVco_jlEiV/_N_T_/_not-found/page"},"path":{"S":"Pvxde24qunhjVco_jlEiV/_not-found"},"revalidatedAt":{"N":"1716261986142"}},{"tag":{"S":"Pvxde24qunhjVco_jlEiV/_N_T_/_not-found"},"path":{"S":"Pvxde24qunhjVco_jlEiV/_not-found"},"revalidatedAt":{"N":"1716261986142"}},{"tag":{"S":"Pvxde24qunhjVco_jlEiV/_N_T_/layout"},"path":{"S":"Pvxde24qunhjVco_jlEiV/favicon.ico"},"revalidatedAt":{"N":"1716261986142"}},{"tag":{"S":"Pvxde24qunhjVco_jlEiV/_N_T_/favicon.ico/layout"},"path":{"S":"Pvxde24qunhjVco_jlEiV/favicon.ico"},"revalidatedAt":{"N":"1716261986142"}},{"tag":{"S":"Pvxde24qunhjVco_jlEiV/_N_T_/favicon.ico/route"},"path":{"S":"Pvxde24qunhjVco_jlEiV/favicon.ico"},"revalidatedAt":{"N":"1716261986142"}},{"tag":{"S":"Pvxde24qunhjVco_jlEiV/_N_T_/favicon.ico"},"path":{"S":"Pvxde24qunhjVco_jlEiV/favicon.ico"},"revalidatedAt":{"N":"1716261986142"}},{"tag":{"S":"Pvxde24qunhjVco_jlEiV/_N_T_/layout"},"path":{"S":"Pvxde24qunhjVco_jlEiV/index"},"revalidatedAt":{"N":"1716261986142"}},{"tag":{"S":"Pvxde24qunhjVco_jlEiV/_N_T_/page"},"path":{"S":"Pvxde24qunhjVco_jlEiV/index"},"revalidatedAt":{"N":"1716261986143"}},{"tag":{"S":"Pvxde24qunhjVco_jlEiV/_N_T_/"},"path":{"S":"Pvxde24qunhjVco_jlEiV/index"},"revalidatedAt":{"N":"1716261986143"}}]