[{"tag":{"S":"BztGRbLknqgzXule2o-0r/_N_T_/layout"},"path":{"S":"BztGRbLknqgzXule2o-0r/_not-found"},"revalidatedAt":{"N":"1716263764394"}},{"tag":{"S":"BztGRbLknqgzXule2o-0r/_N_T_/_not-found/layout"},"path":{"S":"BztGRbLknqgzXule2o-0r/_not-found"},"revalidatedAt":{"N":"1716263764394"}},{"tag":{"S":"BztGRbLknqgzXule2o-0r/_N_T_/_not-found/page"},"path":{"S":"BztGRbLknqgzXule2o-0r/_not-found"},"revalidatedAt":{"N":"1716263764394"}},{"tag":{"S":"BztGRbLknqgzXule2o-0r/_N_T_/_not-found"},"path":{"S":"BztGRbLknqgzXule2o-0r/_not-found"},"revalidatedAt":{"N":"1716263764394"}},{"tag":{"S":"BztGRbLknqgzXule2o-0r/_N_T_/layout"},"path":{"S":"BztGRbLknqgzXule2o-0r/favicon.ico"},"revalidatedAt":{"N":"1716263764394"}},{"tag":{"S":"BztGRbLknqgzXule2o-0r/_N_T_/favicon.ico/layout"},"path":{"S":"BztGRbLknqgzXule2o-0r/favicon.ico"},"revalidatedAt":{"N":"1716263764394"}},{"tag":{"S":"BztGRbLknqgzXule2o-0r/_N_T_/favicon.ico/route"},"path":{"S":"BztGRbLknqgzXule2o-0r/favicon.ico"},"revalidatedAt":{"N":"1716263764394"}},{"tag":{"S":"BztGRbLknqgzXule2o-0r/_N_T_/favicon.ico"},"path":{"S":"BztGRbLknqgzXule2o-0r/favicon.ico"},"revalidatedAt":{"N":"1716263764394"}},{"tag":{"S":"BztGRbLknqgzXule2o-0r/_N_T_/layout"},"path":{"S":"BztGRbLknqgzXule2o-0r/index"},"revalidatedAt":{"N":"1716263764394"}},{"tag":{"S":"BztGRbLknqgzXule2o-0r/_N_T_/page"},"path":{"S":"BztGRbLknqgzXule2o-0r/index"},"revalidatedAt":{"N":"1716263764394"}},{"tag":{"S":"BztGRbLknqgzXule2o-0r/_N_T_/"},"path":{"S":"BztGRbLknqgzXule2o-0r/index"},"revalidatedAt":{"N":"1716263764394"}}]