[{"tag":{"S":"4ZkXEEn8rn0l4iMifzoPV/_N_T_/layout"},"path":{"S":"4ZkXEEn8rn0l4iMifzoPV/_not-found"},"revalidatedAt":{"N":"1716262594367"}},{"tag":{"S":"4ZkXEEn8rn0l4iMifzoPV/_N_T_/_not-found/layout"},"path":{"S":"4ZkXEEn8rn0l4iMifzoPV/_not-found"},"revalidatedAt":{"N":"1716262594367"}},{"tag":{"S":"4ZkXEEn8rn0l4iMifzoPV/_N_T_/_not-found/page"},"path":{"S":"4ZkXEEn8rn0l4iMifzoPV/_not-found"},"revalidatedAt":{"N":"1716262594367"}},{"tag":{"S":"4ZkXEEn8rn0l4iMifzoPV/_N_T_/_not-found"},"path":{"S":"4ZkXEEn8rn0l4iMifzoPV/_not-found"},"revalidatedAt":{"N":"1716262594367"}},{"tag":{"S":"4ZkXEEn8rn0l4iMifzoPV/_N_T_/layout"},"path":{"S":"4ZkXEEn8rn0l4iMifzoPV/favicon.ico"},"revalidatedAt":{"N":"1716262594367"}},{"tag":{"S":"4ZkXEEn8rn0l4iMifzoPV/_N_T_/favicon.ico/layout"},"path":{"S":"4ZkXEEn8rn0l4iMifzoPV/favicon.ico"},"revalidatedAt":{"N":"1716262594367"}},{"tag":{"S":"4ZkXEEn8rn0l4iMifzoPV/_N_T_/favicon.ico/route"},"path":{"S":"4ZkXEEn8rn0l4iMifzoPV/favicon.ico"},"revalidatedAt":{"N":"1716262594367"}},{"tag":{"S":"4ZkXEEn8rn0l4iMifzoPV/_N_T_/favicon.ico"},"path":{"S":"4ZkXEEn8rn0l4iMifzoPV/favicon.ico"},"revalidatedAt":{"N":"1716262594367"}},{"tag":{"S":"4ZkXEEn8rn0l4iMifzoPV/_N_T_/layout"},"path":{"S":"4ZkXEEn8rn0l4iMifzoPV/index"},"revalidatedAt":{"N":"1716262594367"}},{"tag":{"S":"4ZkXEEn8rn0l4iMifzoPV/_N_T_/page"},"path":{"S":"4ZkXEEn8rn0l4iMifzoPV/index"},"revalidatedAt":{"N":"1716262594368"}},{"tag":{"S":"4ZkXEEn8rn0l4iMifzoPV/_N_T_/"},"path":{"S":"4ZkXEEn8rn0l4iMifzoPV/index"},"revalidatedAt":{"N":"1716262594368"}}]